wall_time,ros_time,field.x,field.y,field.z
0.281598,6.960000000,562.500000000,640.000000000,1.000000000
1.078604,7.022000000,562.500000000,640.000000000,1.000000000
1.856430,7.095000000,562.000000000,640.000000000,1.000000000
2.604203,7.138000000,562.500000000,640.000000000,1.000000000
3.304818,7.206000000,562.500000000,640.000000000,1.000000000
3.896616,7.264000000,563.000000000,640.000000000,1.000000000
4.482781,7.321000000,562.500000000,640.000000000,1.000000000
5.081031,7.389000000,558.500000000,640.000000000,1.000000000
5.621629,7.457000000,538.000000000,640.000000000,1.000000000
6.171323,7.514000000,520.500000000,640.000000000,1.000000000
6.676982,7.561000000,495.000000000,640.000000000,1.000000000
7.231458,7.619000000,483.000000000,640.000000000,1.000000000
7.772287,7.680000000,465.000000000,640.000000000,1.000000000
8.312096,7.744000000,445.500000000,640.000000000,1.000000000
8.831820,7.802000000,429.500000000,640.000000000,1.000000000
9.444216,7.857000000,413.000000000,640.000000000,1.000000000
10.008080,7.907000000,405.000000000,640.000000000,1.000000000
10.578776,7.953000000,392.500000000,640.000000000,1.000000000
11.128286,8.009000000,379.500000000,640.000000000,1.000000000
11.858895,8.136000000,368.000000000,640.000000000,1.000000000
12.351063,8.181000000,358.000000000,640.000000000,1.000000000
12.847926,8.218000000,343.000000000,640.000000000,1.000000000
13.431490,8.263000000,337.500000000,640.000000000,1.000000000
14.223379,8.324000000,324.000000000,640.000000000,1.000000000
14.822962,8.372000000,319.000000000,640.000000000,1.000000000
15.590901,8.480000000,309.000000000,640.000000000,1.000000000
16.468687,8.653000000,295.500000000,640.000000000,1.000000000
17.026000,8.715000000,282.500000000,640.000000000,1.000000000
17.622228,8.775000000,262.500000000,640.000000000,1.000000000
18.222839,8.847000000,258.500000000,640.000000000,1.000000000
18.851607,8.891000000,256.000000000,640.000000000,1.000000000
19.501640,8.953000000,256.000000000,640.000000000,1.000000000
20.122198,9.011000000,257.000000000,640.000000000,1.000000000
20.784796,9.111000000,258.000000000,640.000000000,1.000000000
21.362614,9.194000000,260.500000000,640.000000000,1.000000000
21.971246,9.243000000,263.500000000,640.000000000,1.000000000
22.608942,9.301000000,268.000000000,640.000000000,1.000000000
23.187223,9.354000000,270.000000000,640.000000000,1.000000000
23.812332,9.404000000,272.500000000,640.000000000,1.000000000
24.551343,9.481000000,275.000000000,640.000000000,1.000000000
25.082791,9.522000000,275.500000000,640.000000000,1.000000000
25.699187,9.582000000,280.000000000,640.000000000,1.000000000
26.312064,9.658000000,281.000000000,640.000000000,1.000000000
26.952216,9.750000000,285.000000000,640.000000000,1.000000000
27.533574,9.799000000,286.000000000,640.000000000,1.000000000
28.056852,9.843000000,291.000000000,640.000000000,1.000000000
28.690110,9.923000000,294.000000000,640.000000000,1.000000000
29.249053,9.992000000,295.000000000,640.000000000,1.000000000
29.814859,10.057000000,299.000000000,640.000000000,1.000000000
30.388103,10.135000000,302.000000000,640.000000000,1.000000000
31.023756,10.203000000,306.500000000,640.000000000,1.000000000
31.617312,10.257000000,312.500000000,640.000000000,1.000000000
32.144599,10.307000000,314.000000000,640.000000000,1.000000000
32.707626,10.351000000,317.000000000,640.000000000,1.000000000
33.219674,10.395000000,318.000000000,640.000000000,1.000000000
33.769620,10.442000000,322.000000000,640.000000000,1.000000000
34.312124,10.494000000,324.000000000,640.000000000,1.000000000
34.859256,10.550000000,328.500000000,640.000000000,1.000000000
35.616724,10.624000000,330.500000000,640.000000000,1.000000000
36.206245,10.680000000,334.000000000,640.000000000,1.000000000
36.769099,10.741000000,340.000000000,640.000000000,1.000000000
37.225779,10.781000000,346.000000000,640.000000000,1.000000000
37.722233,10.835000000,347.500000000,640.000000000,1.000000000
38.272249,10.897000000,349.500000000,640.000000000,1.000000000
38.845268,10.959000000,358.000000000,640.000000000,1.000000000
39.467515,11.046000000,360.500000000,640.000000000,1.000000000
40.059109,11.114000000,362.000000000,640.000000000,1.000000000
40.562217,11.177000000,364.500000000,640.000000000,1.000000000
41.229945,11.243000000,366.000000000,640.000000000,1.000000000
41.754606,11.290000000,373.500000000,640.000000000,1.000000000
42.288147,11.338000000,370.000000000,640.000000000,1.000000000
42.889678,11.411000000,375.000000000,640.000000000,1.000000000
43.466661,11.472000000,376.500000000,640.000000000,1.000000000
44.092518,11.553000000,376.500000000,640.000000000,1.000000000
44.787087,11.651000000,379.500000000,640.000000000,1.000000000
45.276932,11.704000000,380.500000000,640.000000000,1.000000000
45.901088,11.754000000,381.000000000,640.000000000,1.000000000
46.429130,11.794000000,383.500000000,640.000000000,1.000000000
47.049907,11.840000000,380.000000000,640.000000000,1.000000000
47.695516,11.908000000,383.000000000,640.000000000,1.000000000
48.243053,11.956000000,383.500000000,640.000000000,1.000000000
48.856164,12.006000000,386.000000000,640.000000000,1.000000000
49.389947,12.068000000,384.000000000,640.000000000,1.000000000
49.911296,12.107000000,382.500000000,640.000000000,1.000000000
50.422703,12.147000000,382.500000000,640.000000000,1.000000000
51.031471,12.200000000,383.000000000,640.000000000,1.000000000
51.683797,12.267000000,383.000000000,640.000000000,1.000000000
52.354120,12.355000000,386.500000000,640.000000000,1.000000000
52.998931,12.417000000,386.500000000,640.000000000,1.000000000
53.692263,12.474000000,387.500000000,640.000000000,1.000000000
54.319314,12.531000000,383.500000000,640.000000000,1.000000000
54.847022,12.581000000,383.000000000,640.000000000,1.000000000
55.575343,12.657000000,382.500000000,640.000000000,1.000000000
56.183057,12.716000000,384.000000000,640.000000000,1.000000000
56.714653,12.764000000,384.000000000,640.000000000,1.000000000
57.300129,12.822000000,385.000000000,640.000000000,1.000000000
57.884808,12.873000000,383.500000000,640.000000000,1.000000000
58.539570,12.949000000,382.500000000,640.000000000,1.000000000
59.164019,13.029000000,381.500000000,640.000000000,1.000000000
59.673581,13.068000000,380.500000000,640.000000000,1.000000000
60.251014,13.131000000,379.500000000,640.000000000,1.000000000
60.852336,13.180000000,381.000000000,640.000000000,1.000000000
61.480876,13.259000000,380.000000000,640.000000000,1.000000000
62.043664,13.300000000,379.000000000,640.000000000,1.000000000
62.686138,13.379000000,379.000000000,640.000000000,1.000000000
63.357257,13.471000000,377.500000000,640.000000000,1.000000000
63.915278,13.517000000,377.000000000,640.000000000,1.000000000
64.524393,13.579000000,376.500000000,640.000000000,1.000000000
65.213697,13.648000000,375.500000000,640.000000000,1.000000000
65.858576,13.708000000,375.500000000,640.000000000,1.000000000
66.403015,13.745000000,373.000000000,640.000000000,1.000000000
67.012483,13.810000000,372.500000000,640.000000000,1.000000000
67.566826,13.870000000,373.500000000,640.000000000,1.000000000
68.122085,13.927000000,372.500000000,640.000000000,1.000000000
68.777652,14.036000000,371.000000000,640.000000000,1.000000000
69.312724,14.101000000,370.000000000,640.000000000,1.000000000
69.828874,14.143000000,368.500000000,640.000000000,1.000000000
70.321122,14.177000000,367.500000000,640.000000000,1.000000000
70.841688,14.222000000,367.000000000,640.000000000,1.000000000
71.457593,14.273000000,365.500000000,640.000000000,1.000000000
72.086658,14.335000000,365.000000000,640.000000000,1.000000000
72.741847,14.419000000,363.500000000,640.000000000,1.000000000
73.317086,14.473000000,361.500000000,640.000000000,1.000000000
73.885842,14.520000000,360.500000000,640.000000000,1.000000000
74.482418,14.560000000,359.500000000,640.000000000,1.000000000
75.043408,14.609000000,358.500000000,640.000000000,1.000000000
75.555226,14.651000000,358.500000000,640.000000000,1.000000000
76.268821,14.764000000,356.500000000,640.000000000,1.000000000
76.834579,14.808000000,356.000000000,640.000000000,1.000000000
77.393786,14.846000000,354.000000000,640.000000000,1.000000000
78.108804,14.933000000,353.000000000,640.000000000,1.000000000
78.748309,15.022000000,353.000000000,640.000000000,1.000000000
79.419966,15.075000000,352.000000000,640.000000000,1.000000000
80.012069,15.126000000,350.500000000,640.000000000,1.000000000
80.589869,15.181000000,349.000000000,640.000000000,1.000000000
81.179276,15.230000000,348.500000000,640.000000000,1.000000000
81.725961,15.288000000,345.500000000,640.000000000,1.000000000
82.316373,15.359000000,345.000000000,640.000000000,1.000000000
82.932890,15.422000000,342.500000000,640.000000000,1.000000000
83.532912,15.486000000,340.500000000,640.000000000,1.000000000
84.160190,15.563000000,340.000000000,640.000000000,1.000000000
84.631977,15.598000000,339.000000000,640.000000000,1.000000000
85.240928,15.657000000,337.500000000,640.000000000,1.000000000
85.849791,15.715000000,336.500000000,640.000000000,1.000000000
86.455023,15.773000000,336.000000000,640.000000000,1.000000000
87.059977,15.830000000,335.500000000,640.000000000,1.000000000
87.679532,15.911000000,334.500000000,640.000000000,1.000000000
88.556247,16.005000000,331.000000000,640.000000000,1.000000000
89.179898,16.091000000,326.000000000,640.000000000,1.000000000
89.839151,16.157000000,323.500000000,640.000000000,1.000000000
90.492516,16.211000000,323.000000000,640.000000000,1.000000000
91.073360,16.260000000,322.000000000,640.000000000,1.000000000
91.715164,16.310000000,323.500000000,640.000000000,1.000000000
92.342846,16.374000000,322.500000000,640.000000000,1.000000000
92.879160,16.423000000,322.000000000,640.000000000,1.000000000
93.408741,16.480000000,321.000000000,640.000000000,1.000000000
94.059396,16.551000000,319.500000000,640.000000000,1.000000000
94.654560,16.613000000,318.000000000,640.000000000,1.000000000
95.274127,16.678000000,316.500000000,640.000000000,1.000000000
95.916784,16.750000000,315.000000000,640.000000000,1.000000000
96.486342,16.802000000,310.500000000,640.000000000,1.000000000
97.056063,16.840000000,307.500000000,640.000000000,1.000000000
97.818536,16.960000000,303.000000000,640.000000000,1.000000000
98.495645,17.037000000,297.500000000,640.000000000,1.000000000
99.135251,17.099000000,294.000000000,640.000000000,1.000000000
99.716124,17.145000000,292.500000000,640.000000000,1.000000000
100.341175,17.227000000,289.500000000,640.000000000,1.000000000
100.916753,17.278000000,286.500000000,640.000000000,1.000000000
101.455746,17.320000000,285.000000000,640.000000000,1.000000000
102.151275,17.433000000,281.500000000,640.000000000,1.000000000
102.850778,17.509000000,280.000000000,640.000000000,1.000000000
103.404516,17.560000000,275.500000000,640.000000000,1.000000000
104.000877,17.628000000,275.000000000,640.000000000,1.000000000
104.650889,17.710000000,275.000000000,640.000000000,1.000000000
105.270215,17.770000000,271.500000000,640.000000000,1.000000000
105.869547,17.816000000,270.000000000,640.000000000,1.000000000
106.473488,17.864000000,269.000000000,640.000000000,1.000000000
107.067132,17.919000000,266.500000000,640.000000000,1.000000000
107.629050,17.978000000,266.000000000,640.000000000,1.000000000
108.166418,18.020000000,266.000000000,640.000000000,1.000000000
108.774117,18.081000000,264.500000000,640.000000000,1.000000000
109.404234,18.142000000,263.000000000,640.000000000,1.000000000
110.036395,18.214000000,263.000000000,640.000000000,1.000000000
110.673808,18.322000000,262.500000000,640.000000000,1.000000000
111.186919,18.362000000,261.000000000,640.000000000,1.000000000
111.743644,18.421000000,258.500000000,640.000000000,1.000000000
112.506485,18.507000000,257.500000000,640.000000000,1.000000000
113.106288,18.573000000,256.500000000,640.000000000,1.000000000
113.716613,18.624000000,256.500000000,640.000000000,1.000000000
114.338939,18.679000000,255.000000000,640.000000000,1.000000000
114.965942,18.743000000,256.500000000,640.000000000,1.000000000
115.545368,18.810000000,257.500000000,640.000000000,1.000000000
116.115414,18.900000000,258.500000000,640.000000000,1.000000000
116.713911,18.948000000,258.500000000,640.000000000,1.000000000
117.332759,19.000000000,254.500000000,640.000000000,1.000000000
117.860707,19.046000000,258.500000000,640.000000000,1.000000000
118.466917,19.101000000,257.000000000,640.000000000,1.000000000
119.147845,19.172000000,256.500000000,640.000000000,1.000000000
119.807145,19.248000000,253.000000000,640.000000000,1.000000000
120.393909,19.303000000,254.000000000,640.000000000,1.000000000
120.983694,19.352000000,253.000000000,640.000000000,1.000000000
121.624497,19.402000000,253.500000000,640.000000000,1.000000000
122.207444,19.464000000,254.000000000,640.000000000,1.000000000
122.737004,19.503000000,254.000000000,640.000000000,1.000000000
123.302633,19.551000000,254.500000000,640.000000000,1.000000000
123.905987,19.628000000,254.000000000,640.000000000,1.000000000
124.599634,19.720000000,255.000000000,640.000000000,1.000000000
125.151028,19.773000000,255.500000000,640.000000000,1.000000000
125.705413,19.828000000,257.000000000,640.000000000,1.000000000
126.285165,19.892000000,257.000000000,640.000000000,1.000000000
126.923783,19.946000000,258.000000000,640.000000000,1.000000000
127.405839,19.997000000,257.500000000,640.000000000,1.000000000
127.980064,20.076000000,257.500000000,640.000000000,1.000000000
128.687732,20.181000000,257.500000000,640.000000000,1.000000000
129.261629,20.246000000,258.000000000,640.000000000,1.000000000
129.895729,20.306000000,258.500000000,640.000000000,1.000000000
130.372663,20.353000000,259.000000000,640.000000000,1.000000000
131.011149,20.455000000,260.000000000,640.000000000,1.000000000
131.585253,20.535000000,262.000000000,640.000000000,1.000000000
132.096119,20.577000000,261.000000000,640.000000000,1.000000000
132.665967,20.641000000,262.000000000,640.000000000,1.000000000
133.261480,20.739000000,263.500000000,640.000000000,1.000000000
133.828794,20.806000000,263.500000000,640.000000000,1.000000000
134.443835,20.886000000,265.500000000,640.000000000,1.000000000
135.083042,20.953000000,259.500000000,640.000000000,1.000000000
135.710326,21.015000000,260.000000000,640.000000000,1.000000000
136.339784,21.101000000,261.000000000,640.000000000,1.000000000
136.949942,21.187000000,267.500000000,640.000000000,1.000000000
137.474142,21.238000000,269.500000000,640.000000000,1.000000000
138.042584,21.290000000,272.000000000,640.000000000,1.000000000
138.591384,21.335000000,269.500000000,640.000000000,1.000000000
139.225786,21.401000000,273.000000000,640.000000000,1.000000000
139.811588,21.454000000,273.500000000,640.000000000,1.000000000
140.431840,21.518000000,273.000000000,640.000000000,1.000000000
141.029253,21.576000000,273.500000000,640.000000000,1.000000000
141.639937,21.644000000,274.000000000,640.000000000,1.000000000
142.204924,21.685000000,275.500000000,640.000000000,1.000000000
142.838111,21.732000000,275.500000000,640.000000000,1.000000000
143.401403,21.789000000,276.500000000,640.000000000,1.000000000
144.069566,21.868000000,279.000000000,640.000000000,1.000000000
144.752420,21.940000000,280.500000000,640.000000000,1.000000000
145.369246,21.989000000,282.500000000,640.000000000,1.000000000
145.993473,22.042000000,283.000000000,640.000000000,1.000000000
146.579159,22.094000000,283.500000000,640.000000000,1.000000000
147.203545,22.153000000,284.500000000,640.000000000,1.000000000
147.818273,22.206000000,285.500000000,640.000000000,1.000000000
148.606471,22.339000000,286.500000000,640.000000000,1.000000000
149.229094,22.422000000,288.500000000,640.000000000,1.000000000
149.841773,22.483000000,289.500000000,640.000000000,1.000000000
150.422414,22.544000000,291.500000000,640.000000000,1.000000000
151.073588,22.632000000,292.500000000,640.000000000,1.000000000
151.634534,22.702000000,294.000000000,640.000000000,1.000000000
152.262319,22.770000000,297.000000000,640.000000000,1.000000000
152.831406,22.833000000,298.000000000,640.000000000,1.000000000
153.417051,22.891000000,302.000000000,640.000000000,1.000000000
154.063571,22.946000000,302.000000000,640.000000000,1.000000000
154.651114,22.989000000,302.500000000,640.000000000,1.000000000
155.218476,23.031000000,304.000000000,640.000000000,1.000000000
155.829014,23.091000000,304.000000000,640.000000000,1.000000000
156.414899,23.159000000,306.000000000,640.000000000,1.000000000
157.046162,23.224000000,306.500000000,640.000000000,1.000000000
157.635900,23.269000000,307.500000000,640.000000000,1.000000000
158.205005,23.311000000,307.500000000,640.000000000,1.000000000
158.757361,23.358000000,307.500000000,640.000000000,1.000000000
159.341115,23.402000000,307.500000000,640.000000000,1.000000000
159.978048,23.458000000,307.500000000,640.000000000,1.000000000
160.545043,23.506000000,308.500000000,640.000000000,1.000000000
161.145651,23.555000000,309.000000000,640.000000000,1.000000000
161.771093,23.635000000,309.500000000,640.000000000,1.000000000
162.427668,23.740000000,309.500000000,640.000000000,1.000000000
163.010469,23.814000000,310.500000000,640.000000000,1.000000000
163.697682,23.917000000,314.000000000,640.000000000,1.000000000
164.249730,23.976000000,315.500000000,640.000000000,1.000000000
164.822903,24.030000000,316.500000000,640.000000000,1.000000000
165.325654,24.072000000,318.500000000,640.000000000,1.000000000
165.867478,24.140000000,320.500000000,640.000000000,1.000000000
166.540411,24.200000000,325.500000000,640.000000000,1.000000000
167.102060,24.244000000,327.000000000,640.000000000,1.000000000
167.673127,24.284000000,329.500000000,640.000000000,1.000000000
168.193270,24.343000000,332.000000000,640.000000000,1.000000000
169.041996,24.459000000,336.000000000,640.000000000,1.000000000
169.568264,24.508000000,343.500000000,640.000000000,1.000000000
170.083606,24.570000000,344.000000000,640.000000000,1.000000000
170.618397,24.639000000,346.500000000,640.000000000,1.000000000
171.225542,24.727000000,349.000000000,640.000000000,1.000000000
171.746851,24.789000000,350.500000000,640.000000000,1.000000000
172.317278,24.846000000,360.500000000,640.000000000,1.000000000
172.863564,24.904000000,361.000000000,640.000000000,1.000000000
173.494033,24.990000000,362.500000000,640.000000000,1.000000000
174.060240,25.064000000,364.000000000,640.000000000,1.000000000
174.649617,25.142000000,367.500000000,640.000000000,1.000000000
175.258679,25.203000000,367.000000000,640.000000000,1.000000000
175.909835,25.243000000,375.000000000,640.000000000,1.000000000
176.589987,25.297000000,376.000000000,640.000000000,1.000000000
177.136044,25.352000000,376.000000000,640.000000000,1.000000000
177.708947,25.401000000,376.500000000,640.000000000,1.000000000
178.341793,25.472000000,377.500000000,640.000000000,1.000000000
178.957353,25.551000000,378.000000000,640.000000000,1.000000000
179.607746,25.643000000,379.000000000,640.000000000,1.000000000
180.228805,25.709000000,381.000000000,640.000000000,1.000000000
180.888644,25.797000000,382.000000000,640.000000000,1.000000000
181.529941,25.866000000,383.000000000,640.000000000,1.000000000
182.076072,25.929000000,383.000000000,640.000000000,1.000000000
182.660796,25.981000000,384.000000000,640.000000000,1.000000000
183.278736,26.036000000,386.500000000,640.000000000,1.000000000
183.841164,26.087000000,384.000000000,640.000000000,1.000000000
184.383523,26.131000000,383.000000000,640.000000000,1.000000000
185.101436,26.270000000,386.000000000,640.000000000,1.000000000
185.675444,26.323000000,381.000000000,640.000000000,1.000000000
186.329077,26.401000000,389.500000000,640.000000000,1.000000000
187.021136,26.487000000,387.500000000,640.000000000,1.000000000
187.585190,26.532000000,387.000000000,640.000000000,1.000000000
188.222006,26.610000000,387.000000000,640.000000000,1.000000000
188.797157,26.663000000,387.000000000,640.000000000,1.000000000
189.374743,26.713000000,387.000000000,640.000000000,1.000000000
189.982436,26.760000000,387.000000000,640.000000000,1.000000000
190.617210,26.814000000,386.000000000,640.000000000,1.000000000
191.415714,26.897000000,385.500000000,640.000000000,1.000000000
192.112571,26.956000000,384.000000000,640.000000000,1.000000000
192.691156,27.025000000,385.500000000,640.000000000,1.000000000
193.222091,27.060000000,384.500000000,640.000000000,1.000000000
193.735890,27.098000000,386.000000000,640.000000000,1.000000000
194.327073,27.161000000,385.500000000,640.000000000,1.000000000
195.019187,27.275000000,386.000000000,640.000000000,1.000000000
195.548881,27.351000000,384.500000000,640.000000000,1.000000000
196.225695,27.446000000,383.000000000,640.000000000,1.000000000
196.813964,27.522000000,381.500000000,640.000000000,1.000000000
197.516245,27.610000000,381.500000000,640.000000000,1.000000000
198.074279,27.659000000,379.500000000,640.000000000,1.000000000
198.703002,27.738000000,378.500000000,640.000000000,1.000000000
199.292430,27.789000000,378.000000000,640.000000000,1.000000000
199.836999,27.853000000,378.000000000,640.000000000,1.000000000
200.446855,27.918000000,377.500000000,640.000000000,1.000000000
201.106061,27.985000000,378.000000000,640.000000000,1.000000000
201.714056,28.036000000,376.500000000,640.000000000,1.000000000
202.417609,28.114000000,376.500000000,640.000000000,1.000000000
203.053870,28.170000000,375.500000000,640.000000000,1.000000000
203.674896,28.227000000,375.500000000,640.000000000,1.000000000
204.195592,28.282000000,375.000000000,640.000000000,1.000000000
204.953535,28.374000000,375.000000000,640.000000000,1.000000000
205.500848,28.422000000,374.000000000,640.000000000,1.000000000
206.146095,28.472000000,372.500000000,640.000000000,1.000000000
206.708149,28.517000000,370.500000000,640.000000000,1.000000000
207.264416,28.572000000,369.500000000,640.000000000,1.000000000
207.903180,28.641000000,368.500000000,640.000000000,1.000000000
208.547152,28.706000000,367.500000000,640.000000000,1.000000000
209.193201,28.782000000,368.000000000,640.000000000,1.000000000
209.805210,28.843000000,364.500000000,640.000000000,1.000000000
210.479445,28.920000000,362.500000000,640.000000000,1.000000000
211.038962,28.967000000,-1.000000000,640.000000000,0.000000000
211.634110,29.023000000,-1.000000000,640.000000000,0.000000000
212.304485,29.085000000,-1.000000000,640.000000000,0.000000000
212.915139,29.143000000,-1.000000000,640.000000000,0.000000000
213.474396,29.188000000,-1.000000000,640.000000000,0.000000000
214.071851,29.249000000,-1.000000000,640.000000000,0.000000000
214.718391,29.326000000,-1.000000000,640.000000000,0.000000000
215.356570,29.408000000,-1.000000000,640.000000000,0.000000000
215.930316,29.470000000,-1.000000000,640.000000000,0.000000000
216.594379,29.535000000,-1.000000000,640.000000000,0.000000000
217.161551,29.589000000,-1.000000000,640.000000000,0.000000000
217.787457,29.654000000,-1.000000000,640.000000000,0.000000000
218.352024,29.696000000,-1.000000000,640.000000000,0.000000000
219.090301,29.753000000,-1.000000000,640.000000000,0.000000000
219.669678,29.806000000,-1.000000000,640.000000000,0.000000000
220.406951,29.867000000,-1.000000000,640.000000000,0.000000000
220.983974,29.913000000,-1.000000000,640.000000000,0.000000000
221.701720,29.991000000,-1.000000000,640.000000000,0.000000000
222.438998,30.068000000,-1.000000000,640.000000000,0.000000000
223.059234,30.121000000,-1.000000000,640.000000000,0.000000000
223.792515,30.207000000,-1.000000000,640.000000000,0.000000000
224.548408,30.278000000,-1.000000000,640.000000000,0.000000000
225.187738,30.334000000,-1.000000000,640.000000000,0.000000000
225.880127,30.411000000,-1.000000000,640.000000000,0.000000000
226.518835,30.455000000,-1.000000000,640.000000000,0.000000000
227.186270,30.506000000,-1.000000000,640.000000000,0.000000000
227.769255,30.574000000,-1.000000000,640.000000000,0.000000000
228.410417,30.622000000,-1.000000000,640.000000000,0.000000000
229.082313,30.679000000,-1.000000000,640.000000000,0.000000000
229.754704,30.758000000,-1.000000000,640.000000000,0.000000000
230.499549,30.829000000,-1.000000000,640.000000000,0.000000000
231.137710,30.879000000,-1.000000000,640.000000000,0.000000000
231.776740,30.921000000,-1.000000000,640.000000000,0.000000000
232.686197,30.971000000,-1.000000000,640.000000000,0.000000000
233.404588,31.025000000,-1.000000000,640.000000000,0.000000000
233.998357,31.082000000,-1.000000000,640.000000000,0.000000000
234.809016,31.151000000,-1.000000000,640.000000000,0.000000000
235.499126,31.200000000,-1.000000000,640.000000000,0.000000000
236.227047,31.291000000,-1.000000000,640.000000000,0.000000000
236.907463,31.368000000,-1.000000000,640.000000000,0.000000000
237.470665,31.430000000,-1.000000000,640.000000000,0.000000000
238.124947,31.523000000,-1.000000000,640.000000000,0.000000000
238.761849,31.595000000,-1.000000000,640.000000000,0.000000000
239.374000,31.651000000,-1.000000000,640.000000000,0.000000000
239.961544,31.707000000,-1.000000000,640.000000000,0.000000000
