wall_time,ros_time,field.linear.x,field.linear.y,field.linear.z,field.angular.x,field.angular.y,field.angular.z
3.845645,7.339000000,0.150000000,0.000000000,0.000000000,0.000000000,0.000000000,-0.454687500
4.514173,7.417000000,0.150000000,0.000000000,0.000000000,0.000000000,0.000000000,-0.454687500
5.351893,7.495000000,0.150000000,0.000000000,0.000000000,0.000000000,0.000000000,-0.443437500
6.170376,7.552000000,0.150000000,0.000000000,0.000000000,0.000000000,0.000000000,-0.396562500
6.726048,7.614000000,0.150000000,0.000000000,0.000000000,0.000000000,0.000000000,-0.361875000
7.281032,7.691000000,0.150000000,0.000000000,0.000000000,0.000000000,0.000000000,-0.337500000
7.946930,7.751000000,0.150000000,0.000000000,0.000000000,0.000000000,0.000000000,-0.300937500
8.600123,7.818000000,0.150000000,0.000000000,0.000000000,0.000000000,0.000000000,-0.277500000
9.187546,7.867000000,0.150000000,0.000000000,0.000000000,0.000000000,0.000000000,-0.222187500
9.775587,7.909000000,0.150000000,0.000000000,0.000000000,0.000000000,0.000000000,-0.208125000
10.307302,7.966000000,0.190312500,0.000000000,0.000000000,0.000000000,0.000000000,-0.182812500
10.956088,8.012000000,0.203628141,0.000000000,0.000000000,0.000000000,0.000000000,-0.160619766
11.512074,8.064000000,0.216385266,0.000000000,0.000000000,0.000000000,0.000000000,-0.139357891
12.136144,8.127000000,0.227446266,0.000000000,0.000000000,0.000000000,0.000000000,-0.120922891
12.713612,8.173000000,0.240270563,0.000000000,0.000000000,0.000000000,0.000000000,-0.099549062
13.341501,8.226000000,0.253106203,0.000000000,0.000000000,0.000000000,0.000000000,-0.078156328
13.996907,8.304000000,0.263114203,0.000000000,0.000000000,0.000000000,0.000000000,-0.061476328
14.769230,8.384000000,0.275974828,0.000000000,0.000000000,0.000000000,0.000000000,-0.040041953
15.539066,8.429000000,0.300000000,0.000000000,0.000000000,0.000000000,0.000000000,0.000000000
16.266870,8.467000000,0.300000000,0.000000000,0.000000000,0.000000000,0.000000000,0.000000000
17.053810,8.550000000,0.300000000,0.000000000,0.000000000,0.000000000,0.000000000,0.000000000
17.680899,8.599000000,0.284053219,0.000000000,0.000000000,0.000000000,0.000000000,0.026577969
18.275716,8.663000000,0.269344219,0.000000000,0.000000000,0.000000000,0.000000000,0.051092969
18.838363,8.727000000,0.263056219,0.000000000,0.000000000,0.000000000,0.000000000,0.061572969
19.395115,8.769000000,0.259047609,0.000000000,0.000000000,0.000000000,0.000000000,0.068253984
20.091495,8.881000000,0.255460734,0.000000000,0.000000000,0.000000000,0.000000000,0.074232109
20.674698,8.935000000,0.252540656,0.000000000,0.000000000,0.000000000,0.000000000,0.079098906
21.295783,9.010000000,0.240544312,0.000000000,0.000000000,0.000000000,0.000000000,0.099092812
21.899801,9.055000000,0.238175719,0.000000000,0.000000000,0.000000000,0.000000000,0.103040469
22.499073,9.112000000,0.237464930,0.000000000,0.000000000,0.000000000,0.000000000,0.104225117
23.130858,9.200000000,0.236671430,0.000000000,0.000000000,0.000000000,0.000000000,0.105547617
23.705599,9.251000000,0.238792336,0.000000000,0.000000000,0.000000000,0.000000000,0.102012773
24.307309,9.315000000,0.240322336,0.000000000,0.000000000,0.000000000,0.000000000,0.099462773
25.109645,9.428000000,0.242304844,0.000000000,0.000000000,0.000000000,0.000000000,0.096158594
25.634362,9.473000000,0.243325430,0.000000000,0.000000000,0.000000000,0.000000000,0.094457617
26.250451,9.539000000,0.245992523,0.000000000,0.000000000,0.000000000,0.000000000,0.090012461
26.827483,9.588000000,0.247575516,0.000000000,0.000000000,0.000000000,0.000000000,0.087374141
27.467812,9.653000000,0.248000906,0.000000000,0.000000000,0.000000000,0.000000000,0.086665156
28.017288,9.699000000,0.249594609,0.000000000,0.000000000,0.000000000,0.000000000,0.084008984
28.537106,9.743000000,0.255140203,0.000000000,0.000000000,0.000000000,0.000000000,0.074766328
29.270714,9.808000000,0.258407039,0.000000000,0.000000000,0.000000000,0.000000000,0.069321602
29.895477,9.856000000,0.260018039,0.000000000,0.000000000,0.000000000,0.000000000,0.066636602
30.491960,9.913000000,0.262182539,0.000000000,0.000000000,0.000000000,0.000000000,0.063029102
31.212394,9.997000000,0.265443352,0.000000000,0.000000000,0.000000000,0.000000000,0.057594414
31.774693,10.053000000,0.268186289,0.000000000,0.000000000,0.000000000,0.000000000,0.053022852
32.340614,10.110000000,0.271498500,0.000000000,0.000000000,0.000000000,0.000000000,0.047502500
32.954360,10.174000000,0.272556000,0.000000000,0.000000000,0.000000000,0.000000000,0.045740000
33.616180,10.273000000,0.276970148,0.000000000,0.000000000,0.000000000,0.000000000,0.038383086
34.178431,10.334000000,0.279736898,0.000000000,0.000000000,0.000000000,0.000000000,0.033771836
34.814280,10.395000000,0.300000000,0.000000000,0.000000000,0.000000000,0.000000000,0.000000000
35.414205,10.459000000,0.300000000,0.000000000,0.000000000,0.000000000,0.000000000,0.000000000
36.002519,10.517000000,0.300000000,0.000000000,0.000000000,0.000000000,0.000000000,0.000000000
36.705426,10.592000000,0.300000000,0.000000000,0.000000000,0.000000000,0.000000000,0.000000000
37.337999,10.669000000,0.300000000,0.000000000,0.000000000,0.000000000,0.000000000,0.000000000
37.842654,10.716000000,0.300000000,0.000000000,0.000000000,0.000000000,0.000000000,0.000000000
38.454793,10.779000000,0.300000000,0.000000000,0.000000000,0.000000000,0.000000000,0.000000000
39.052561,10.850000000,0.275183227,0.000000000,0.000000000,0.000000000,0.000000000,-0.041361289
39.668782,10.908000000,0.271170961,0.000000000,0.000000000,0.000000000,0.000000000,-0.048048398
40.273019,10.984000000,0.262044492,0.000000000,0.000000000,0.000000000,0.000000000,-0.063259180
40.904524,11.055000000,0.257413031,0.000000000,0.000000000,0.000000000,0.000000000,-0.070978281
41.548490,11.136000000,0.254441062,0.000000000,0.000000000,0.000000000,0.000000000,-0.075931562
42.139681,11.186000000,0.252651609,0.000000000,0.000000000,0.000000000,0.000000000,-0.078913984
42.751633,11.226000000,0.249752859,0.000000000,0.000000000,0.000000000,0.000000000,-0.083745234
43.363688,11.279000000,0.240054961,0.000000000,0.000000000,0.000000000,0.000000000,-0.099908398
43.894514,11.331000000,0.239922117,0.000000000,0.000000000,0.000000000,0.000000000,-0.100129805
44.527591,11.392000000,0.236382703,0.000000000,0.000000000,0.000000000,0.000000000,-0.106028828
45.178349,11.437000000,0.235697859,0.000000000,0.000000000,0.000000000,0.000000000,-0.107170234
45.858823,11.502000000,0.233265047,0.000000000,0.000000000,0.000000000,0.000000000,-0.111224922
46.554855,11.557000000,0.228036258,0.000000000,0.000000000,0.000000000,0.000000000,-0.119939570
47.154485,11.624000000,0.229525898,0.000000000,0.000000000,0.000000000,0.000000000,-0.117456836
47.778369,11.669000000,0.228829453,0.000000000,0.000000000,0.000000000,0.000000000,-0.118617578
48.356679,11.727000000,0.226401375,0.000000000,0.000000000,0.000000000,0.000000000,-0.122664375
48.946136,11.790000000,0.222824086,0.000000000,0.000000000,0.000000000,0.000000000,-0.128626523
49.610828,11.891000000,0.224194383,0.000000000,0.000000000,0.000000000,0.000000000,-0.126342695
50.172718,11.941000000,0.224037352,0.000000000,0.000000000,0.000000000,0.000000000,-0.126604414
50.675847,11.971000000,0.217747898,0.000000000,0.000000000,0.000000000,0.000000000,-0.137086836
51.237857,12.027000000,0.216993773,0.000000000,0.000000000,0.000000000,0.000000000,-0.138343711
51.897758,12.094000000,0.218456719,0.000000000,0.000000000,0.000000000,0.000000000,-0.135905469
52.540852,12.165000000,0.217090430,0.000000000,0.000000000,0.000000000,0.000000000,-0.138182617
53.107543,12.217000000,0.217477430,0.000000000,0.000000000,0.000000000,0.000000000,-0.137537617
53.692125,12.294000000,0.216088945,0.000000000,0.000000000,0.000000000,0.000000000,-0.139851758
54.289058,12.341000000,0.215364516,0.000000000,0.000000000,0.000000000,0.000000000,-0.141059141
54.863175,12.396000000,0.216866391,0.000000000,0.000000000,0.000000000,0.000000000,-0.138556016
55.439504,12.443000000,0.215016961,0.000000000,0.000000000,0.000000000,0.000000000,-0.141638398
55.962494,12.484000000,0.215439164,0.000000000,0.000000000,0.000000000,0.000000000,-0.140934727
56.491237,12.519000000,0.215319398,0.000000000,0.000000000,0.000000000,0.000000000,-0.141134336
57.055923,12.571000000,0.216268898,0.000000000,0.000000000,0.000000000,0.000000000,-0.139551836
57.710666,12.656000000,0.215982023,0.000000000,0.000000000,0.000000000,0.000000000,-0.140029961
58.457150,12.756000000,0.214514836,0.000000000,0.000000000,0.000000000,0.000000000,-0.142475273
59.062255,12.821000000,0.215420461,0.000000000,0.000000000,0.000000000,0.000000000,-0.140965898
59.657498,12.891000000,0.215748352,0.000000000,0.000000000,0.000000000,0.000000000,-0.140419414
60.305501,12.953000000,0.217232414,0.000000000,0.000000000,0.000000000,0.000000000,-0.137945977
60.835237,13.010000000,0.218736891,0.000000000,0.000000000,0.000000000,0.000000000,-0.135438516
61.427935,13.061000000,0.218573133,0.000000000,0.000000000,0.000000000,0.000000000,-0.135711445
61.938451,13.101000000,0.219014508,0.000000000,0.000000000,0.000000000,0.000000000,-0.134975820
62.481137,13.147000000,0.219425133,0.000000000,0.000000000,0.000000000,0.000000000,-0.134291445
63.171104,13.211000000,0.221478633,0.000000000,0.000000000,0.000000000,0.000000000,-0.130868945
63.774942,13.284000000,0.220690289,0.000000000,0.000000000,0.000000000,0.000000000,-0.132182852
64.288051,13.333000000,0.220538695,0.000000000,0.000000000,0.000000000,0.000000000,-0.132435508
64.813728,13.390000000,0.223312500,0.000000000,0.000000000,0.000000000,0.000000000,-0.127812500
65.436140,13.451000000,0.223312500,0.000000000,0.000000000,0.000000000,0.000000000,-0.127812500
66.033212,13.508000000,0.225000000,0.000000000,0.000000000,0.000000000,0.000000000,-0.125000000
66.619271,13.561000000,0.225000000,0.000000000,0.000000000,0.000000000,0.000000000,-0.125000000
67.100059,13.603000000,0.225000000,0.000000000,0.000000000,0.000000000,0.000000000,-0.125000000
67.677329,13.666000000,0.225562500,0.000000000,0.000000000,0.000000000,0.000000000,-0.124062500
68.281689,13.711000000,0.223875000,0.000000000,0.000000000,0.000000000,0.000000000,-0.126875000
68.883086,13.768000000,0.225000000,0.000000000,0.000000000,0.000000000,0.000000000,-0.125000000
69.513662,13.848000000,0.224437500,0.000000000,0.000000000,0.000000000,0.000000000,-0.125937500
70.124480,13.901000000,0.225562500,0.000000000,0.000000000,0.000000000,0.000000000,-0.124062500
70.745498,13.961000000,0.227250000,0.000000000,0.000000000,0.000000000,0.000000000,-0.121250000
71.371344,14.016000000,0.228937500,0.000000000,0.000000000,0.000000000,0.000000000,-0.118437500
71.990413,14.085000000,0.231750000,0.000000000,0.000000000,0.000000000,0.000000000,-0.113750000
72.554230,14.142000000,0.234562500,0.000000000,0.000000000,0.000000000,0.000000000,-0.109062500
73.262472,14.207000000,0.236250000,0.000000000,0.000000000,0.000000000,0.000000000,-0.106250000
73.845673,14.249000000,0.236812500,0.000000000,0.000000000,0.000000000,0.000000000,-0.105312500
74.471320,14.296000000,0.237375000,0.000000000,0.000000000,0.000000000,0.000000000,-0.104375000
75.071452,14.358000000,0.237937500,0.000000000,0.000000000,0.000000000,0.000000000,-0.103437500
75.701742,14.409000000,0.239062500,0.000000000,0.000000000,0.000000000,0.000000000,-0.101562500
76.317148,14.450000000,0.240187500,0.000000000,0.000000000,0.000000000,0.000000000,-0.099687500
76.924921,14.513000000,0.241875000,0.000000000,0.000000000,0.000000000,0.000000000,-0.096875000
77.627161,14.586000000,0.243000000,0.000000000,0.000000000,0.000000000,0.000000000,-0.095000000
78.334671,14.658000000,0.246375000,0.000000000,0.000000000,0.000000000,0.000000000,-0.089375000
78.955417,14.726000000,0.246937500,0.000000000,0.000000000,0.000000000,0.000000000,-0.088437500
79.534186,14.776000000,0.248625000,0.000000000,0.000000000,0.000000000,0.000000000,-0.085625000
80.061018,14.832000000,0.250312500,0.000000000,0.000000000,0.000000000,0.000000000,-0.082812500
80.698470,14.893000000,0.252000000,0.000000000,0.000000000,0.000000000,0.000000000,-0.080000000
81.300606,14.951000000,0.253125000,0.000000000,0.000000000,0.000000000,0.000000000,-0.078125000
81.951675,15.010000000,0.253687500,0.000000000,0.000000000,0.000000000,0.000000000,-0.077187500
82.533700,15.104000000,0.254812500,0.000000000,0.000000000,0.000000000,0.000000000,-0.075312500
83.062706,15.156000000,0.255375000,0.000000000,0.000000000,0.000000000,0.000000000,-0.074375000
83.665475,15.213000000,0.258187500,0.000000000,0.000000000,0.000000000,0.000000000,-0.069687500
84.317180,15.269000000,0.258750000,0.000000000,0.000000000,0.000000000,0.000000000,-0.068750000
84.931134,15.328000000,0.259875000,0.000000000,0.000000000,0.000000000,0.000000000,-0.066875000
85.460316,15.377000000,0.259875000,0.000000000,0.000000000,0.000000000,0.000000000,-0.066875000
86.016507,15.425000000,0.261562500,0.000000000,0.000000000,0.000000000,0.000000000,-0.064062500
86.617236,15.481000000,0.263250000,0.000000000,0.000000000,0.000000000,0.000000000,-0.061250000
87.226277,15.535000000,0.264937500,0.000000000,0.000000000,0.000000000,0.000000000,-0.058437500
87.852485,15.601000000,0.269437500,0.000000000,0.000000000,0.000000000,0.000000000,-0.050937500
88.501039,15.656000000,0.272250000,0.000000000,0.000000000,0.000000000,0.000000000,-0.046250000
89.084824,15.726000000,0.272250000,0.000000000,0.000000000,0.000000000,0.000000000,-0.046250000
89.622606,15.790000000,0.273937500,0.000000000,0.000000000,0.000000000,0.000000000,-0.043437500
90.203609,15.844000000,0.275625000,0.000000000,0.000000000,0.000000000,0.000000000,-0.040625000
90.789859,15.894000000,0.276187500,0.000000000,0.000000000,0.000000000,0.000000000,-0.039687500
91.343909,15.946000000,0.300000000,0.000000000,0.000000000,0.000000000,0.000000000,0.000000000
91.877239,15.992000000,0.300000000,0.000000000,0.000000000,0.000000000,0.000000000,0.000000000
92.452949,16.056000000,0.300000000,0.000000000,0.000000000,0.000000000,0.000000000,0.000000000
93.032532,16.132000000,0.300000000,0.000000000,0.000000000,0.000000000,0.000000000,0.000000000
93.658952,16.218000000,0.300000000,0.000000000,0.000000000,0.000000000,0.000000000,0.000000000
94.273632,16.277000000,0.300000000,0.000000000,0.000000000,0.000000000,0.000000000,0.000000000
94.874998,16.331000000,0.300000000,0.000000000,0.000000000,0.000000000,0.000000000,0.000000000
95.482172,16.384000000,0.300000000,0.000000000,0.000000000,0.000000000,0.000000000,0.000000000
96.103772,16.439000000,0.300000000,0.000000000,0.000000000,0.000000000,0.000000000,0.000000000
96.675697,16.486000000,0.300000000,0.000000000,0.000000000,0.000000000,0.000000000,0.000000000
97.249822,16.547000000,0.300000000,0.000000000,0.000000000,0.000000000,0.000000000,0.000000000
97.873901,16.631000000,0.300000000,0.000000000,0.000000000,0.000000000,0.000000000,0.000000000
98.534334,16.675000000,0.300000000,0.000000000,0.000000000,0.000000000,0.000000000,0.000000000
99.099616,16.735000000,0.300000000,0.000000000,0.000000000,0.000000000,0.000000000,0.000000000
99.772911,16.830000000,0.300000000,0.000000000,0.000000000,0.000000000,0.000000000,0.000000000
100.313965,16.876000000,0.300000000,0.000000000,0.000000000,0.000000000,0.000000000,0.000000000
100.895158,16.939000000,0.282690000,0.000000000,0.000000000,0.000000000,0.000000000,0.028850000
101.473419,17.007000000,0.281498062,0.000000000,0.000000000,0.000000000,0.000000000,0.030836562
102.054133,17.082000000,0.276347109,0.000000000,0.000000000,0.000000000,0.000000000,0.039421484
102.630742,17.128000000,0.274036523,0.000000000,0.000000000,0.000000000,0.000000000,0.043272461
103.210199,17.196000000,0.266051555,0.000000000,0.000000000,0.000000000,0.000000000,0.056580742
103.853924,17.275000000,0.264795094,0.000000000,0.000000000,0.000000000,0.000000000,0.058674844
104.371858,17.320000000,0.261902437,0.000000000,0.000000000,0.000000000,0.000000000,0.063495937
104.878450,17.363000000,0.260135320,0.000000000,0.000000000,0.000000000,0.000000000,0.066441133
105.472660,17.412000000,0.257226352,0.000000000,0.000000000,0.000000000,0.000000000,0.071289414
106.085639,17.488000000,0.253126758,0.000000000,0.000000000,0.000000000,0.000000000,0.078122070
106.760439,17.602000000,0.251188102,0.000000000,0.000000000,0.000000000,0.000000000,0.081353164
107.373927,17.689000000,0.249302812,0.000000000,0.000000000,0.000000000,0.000000000,0.084495312
108.004463,17.761000000,0.244061437,0.000000000,0.000000000,0.000000000,0.000000000,0.093230937
108.548137,17.816000000,0.242233430,0.000000000,0.000000000,0.000000000,0.000000000,0.096277617
109.155320,17.880000000,0.238685930,0.000000000,0.000000000,0.000000000,0.000000000,0.102190117
109.836433,17.955000000,0.236791008,0.000000000,0.000000000,0.000000000,0.000000000,0.105348320
110.449956,18.016000000,0.235494445,0.000000000,0.000000000,0.000000000,0.000000000,0.107509258
111.058289,18.083000000,0.232485656,0.000000000,0.000000000,0.000000000,0.000000000,0.112523906
111.612409,18.145000000,0.231740063,0.000000000,0.000000000,0.000000000,0.000000000,0.113766563
112.177795,18.211000000,0.229853016,0.000000000,0.000000000,0.000000000,0.000000000,0.116911641
112.781892,18.300000000,0.227325586,0.000000000,0.000000000,0.000000000,0.000000000,0.121124023
113.408385,18.360000000,0.224882930,0.000000000,0.000000000,0.000000000,0.000000000,0.125195117
114.003667,18.418000000,0.224696695,0.000000000,0.000000000,0.000000000,0.000000000,0.125505508
114.571584,18.466000000,0.223415320,0.000000000,0.000000000,0.000000000,0.000000000,0.127641133
115.161969,18.520000000,0.221548102,0.000000000,0.000000000,0.000000000,0.000000000,0.130753164
115.754488,18.577000000,0.222486070,0.000000000,0.000000000,0.000000000,0.000000000,0.129189883
116.357356,18.631000000,0.221745117,0.000000000,0.000000000,0.000000000,0.000000000,0.130424805
116.981828,18.692000000,0.222107461,0.000000000,0.000000000,0.000000000,0.000000000,0.129820898
117.662439,18.785000000,0.220672945,0.000000000,0.000000000,0.000000000,0.000000000,0.132211758
118.283201,18.882000000,0.219223945,0.000000000,0.000000000,0.000000000,0.000000000,0.134626758
119.037250,19.028000000,0.218161875,0.000000000,0.000000000,0.000000000,0.000000000,0.136396875
119.650855,19.120000000,0.219543187,0.000000000,0.000000000,0.000000000,0.000000000,0.134094688
120.279392,19.177000000,0.218225813,0.000000000,0.000000000,0.000000000,0.000000000,0.136290313
120.924238,19.283000000,0.217303078,0.000000000,0.000000000,0.000000000,0.000000000,0.137828203
121.516283,19.331000000,0.216012703,0.000000000,0.000000000,0.000000000,0.000000000,0.139978828
122.175856,19.400000000,0.216339094,0.000000000,0.000000000,0.000000000,0.000000000,0.139434844
122.725222,19.458000000,0.217271719,0.000000000,0.000000000,0.000000000,0.000000000,0.137880469
123.294355,19.517000000,0.215941406,0.000000000,0.000000000,0.000000000,0.000000000,0.140097656
123.887156,19.574000000,0.215746359,0.000000000,0.000000000,0.000000000,0.000000000,0.140422734
124.614987,19.644000000,0.216070969,0.000000000,0.000000000,0.000000000,0.000000000,0.139881719
125.270185,19.688000000,0.216484969,0.000000000,0.000000000,0.000000000,0.000000000,0.139191719
125.918602,19.731000000,0.217466859,0.000000000,0.000000000,0.000000000,0.000000000,0.137555234
126.548594,19.778000000,0.217874039,0.000000000,0.000000000,0.000000000,0.000000000,0.136876602
127.149516,19.829000000,0.218269195,0.000000000,0.000000000,0.000000000,0.000000000,0.136218008
127.752460,19.903000000,0.218026383,0.000000000,0.000000000,0.000000000,0.000000000,0.136622695
128.391957,19.967000000,0.217252383,0.000000000,0.000000000,0.000000000,0.000000000,0.137912695
128.972090,20.019000000,0.216516820,0.000000000,0.000000000,0.000000000,0.000000000,0.139138633
129.714451,20.141000000,0.216676148,0.000000000,0.000000000,0.000000000,0.000000000,0.138873086
130.400123,20.244000000,0.216335766,0.000000000,0.000000000,0.000000000,0.000000000,0.139440391
131.018062,20.308000000,0.219508266,0.000000000,0.000000000,0.000000000,0.000000000,0.134152891
131.634591,20.382000000,0.219838359,0.000000000,0.000000000,0.000000000,0.000000000,0.133602734
132.190408,20.444000000,0.220771547,0.000000000,0.000000000,0.000000000,0.000000000,0.132047422
132.781717,20.513000000,0.221122195,0.000000000,0.000000000,0.000000000,0.000000000,0.131463008
133.361113,20.568000000,0.221625000,0.000000000,0.000000000,0.000000000,0.000000000,0.130625000
133.989827,20.614000000,0.222750000,0.000000000,0.000000000,0.000000000,0.000000000,0.128750000
134.576678,20.662000000,0.222187500,0.000000000,0.000000000,0.000000000,0.000000000,0.129687500
135.176947,20.723000000,0.224437500,0.000000000,0.000000000,0.000000000,0.000000000,0.125937500
135.721674,20.770000000,0.224437500,0.000000000,0.000000000,0.000000000,0.000000000,0.125937500
136.274832,20.819000000,0.224437500,0.000000000,0.000000000,0.000000000,0.000000000,0.125937500
136.856200,20.866000000,0.224437500,0.000000000,0.000000000,0.000000000,0.000000000,0.125937500
137.444002,20.928000000,0.225000000,0.000000000,0.000000000,0.000000000,0.000000000,0.125000000
137.980438,20.975000000,0.222187500,0.000000000,0.000000000,0.000000000,0.000000000,0.129687500
138.591797,21.054000000,0.222750000,0.000000000,0.000000000,0.000000000,0.000000000,0.128750000
139.148321,21.121000000,0.224437500,0.000000000,0.000000000,0.000000000,0.000000000,0.125937500
139.737548,21.166000000,0.226125000,0.000000000,0.000000000,0.000000000,0.000000000,0.123125000
140.395575,21.259000000,0.227250000,0.000000000,0.000000000,0.000000000,0.000000000,0.121250000
141.049670,21.354000000,0.229500000,0.000000000,0.000000000,0.000000000,0.000000000,0.117500000
141.641049,21.409000000,0.231750000,0.000000000,0.000000000,0.000000000,0.000000000,0.113750000
142.220500,21.459000000,0.239062500,0.000000000,0.000000000,0.000000000,0.000000000,0.101562500
142.921527,21.544000000,0.238500000,0.000000000,0.000000000,0.000000000,0.000000000,0.102500000
143.547272,21.606000000,0.238500000,0.000000000,0.000000000,0.000000000,0.000000000,0.102500000
144.151096,21.674000000,0.239062500,0.000000000,0.000000000,0.000000000,0.000000000,0.101562500
144.755581,21.746000000,0.240750000,0.000000000,0.000000000,0.000000000,0.000000000,0.098750000
145.390704,21.793000000,0.242437500,0.000000000,0.000000000,0.000000000,0.000000000,0.095937500
145.932150,21.830000000,0.244687500,0.000000000,0.000000000,0.000000000,0.000000000,0.092187500
146.509777,21.878000000,0.246375000,0.000000000,0.000000000,0.000000000,0.000000000,0.089375000
147.274556,21.935000000,0.248625000,0.000000000,0.000000000,0.000000000,0.000000000,0.085625000
147.997881,22.027000000,0.249750000,0.000000000,0.000000000,0.000000000,0.000000000,0.083750000
148.659477,22.113000000,0.251437500,0.000000000,0.000000000,0.000000000,0.000000000,0.080937500
149.195901,22.176000000,0.255937500,0.000000000,0.000000000,0.000000000,0.000000000,0.073437500
149.798290,22.262000000,0.254250000,0.000000000,0.000000000,0.000000000,0.000000000,0.076250000
150.435766,22.352000000,0.257625000,0.000000000,0.000000000,0.000000000,0.000000000,0.070625000
151.046823,22.411000000,0.259312500,0.000000000,0.000000000,0.000000000,0.000000000,0.067812500
151.713995,22.478000000,0.261562500,0.000000000,0.000000000,0.000000000,0.000000000,0.064062500
152.383765,22.531000000,0.263250000,0.000000000,0.000000000,0.000000000,0.000000000,0.061250000
153.063516,22.600000000,0.264375000,0.000000000,0.000000000,0.000000000,0.000000000,0.059375000
153.664857,22.671000000,0.266625000,0.000000000,0.000000000,0.000000000,0.000000000,0.055625000
154.278638,22.727000000,0.267750000,0.000000000,0.000000000,0.000000000,0.000000000,0.053750000
154.796252,22.788000000,0.268312500,0.000000000,0.000000000,0.000000000,0.000000000,0.052812500
155.407872,22.844000000,0.270562500,0.000000000,0.000000000,0.000000000,0.000000000,0.049062500
156.007750,22.890000000,0.273375000,0.000000000,0.000000000,0.000000000,0.000000000,0.044375000
156.605743,22.973000000,0.274500000,0.000000000,0.000000000,0.000000000,0.000000000,0.042500000
157.161680,23.023000000,0.275625000,0.000000000,0.000000000,0.000000000,0.000000000,0.040625000
157.800072,23.092000000,0.276750000,0.000000000,0.000000000,0.000000000,0.000000000,0.038750000
158.379942,23.149000000,0.300000000,0.000000000,0.000000000,0.000000000,0.000000000,0.000000000
158.974799,23.206000000,0.300000000,0.000000000,0.000000000,0.000000000,0.000000000,0.000000000
159.640393,23.280000000,0.300000000,0.000000000,0.000000000,0.000000000,0.000000000,0.000000000
160.280486,23.368000000,0.300000000,0.000000000,0.000000000,0.000000000,0.000000000,0.000000000
160.925918,23.431000000,0.300000000,0.000000000,0.000000000,0.000000000,0.000000000,0.000000000
161.598183,23.490000000,0.300000000,0.000000000,0.000000000,0.000000000,0.000000000,0.000000000
162.215634,23.537000000,0.300000000,0.000000000,0.000000000,0.000000000,0.000000000,0.000000000
162.846588,23.610000000,0.278437500,0.000000000,0.000000000,0.000000000,0.000000000,0.035937500
163.543793,23.656000000,0.278437500,0.000000000,0.000000000,0.000000000,0.000000000,0.035937500
164.294482,23.713000000,0.278437500,0.000000000,0.000000000,0.000000000,0.000000000,0.035937500
165.135267,23.791000000,0.300000000,0.000000000,0.000000000,0.000000000,0.000000000,0.000000000
165.871795,23.857000000,0.300000000,0.000000000,0.000000000,0.000000000,0.000000000,0.000000000
166.546630,23.917000000,0.300000000,0.000000000,0.000000000,0.000000000,0.000000000,0.000000000
167.060859,23.955000000,0.300000000,0.000000000,0.000000000,0.000000000,0.000000000,0.000000000
167.648542,24.000000000,0.300000000,0.000000000,0.000000000,0.000000000,0.000000000,0.000000000
168.290823,24.052000000,0.300000000,0.000000000,0.000000000,0.000000000,0.000000000,0.000000000
168.895409,24.119000000,0.300000000,0.000000000,0.000000000,0.000000000,0.000000000,0.000000000
169.484529,24.187000000,0.300000000,0.000000000,0.000000000,0.000000000,0.000000000,0.000000000
170.163799,24.266000000,0.300000000,0.000000000,0.000000000,0.000000000,0.000000000,0.000000000
170.669877,24.304000000,0.300000000,0.000000000,0.000000000,0.000000000,0.000000000,0.000000000
171.215107,24.347000000,0.300000000,0.000000000,0.000000000,0.000000000,0.000000000,0.000000000
171.696438,24.389000000,0.300000000,0.000000000,0.000000000,0.000000000,0.000000000,0.000000000
172.362385,24.456000000,0.300000000,0.000000000,0.000000000,0.000000000,0.000000000,0.000000000
172.987064,24.527000000,0.300000000,0.000000000,0.000000000,0.000000000,0.000000000,0.000000000
173.561532,24.592000000,0.300000000,0.000000000,0.000000000,0.000000000,0.000000000,0.000000000
174.048624,24.631000000,0.300000000,0.000000000,0.000000000,0.000000000,0.000000000,0.000000000
174.688673,24.686000000,0.300000000,0.000000000,0.000000000,0.000000000,0.000000000,0.000000000
175.259658,24.744000000,0.300000000,0.000000000,0.000000000,0.000000000,0.000000000,0.000000000
175.911386,24.830000000,0.300000000,0.000000000,0.000000000,0.000000000,0.000000000,0.000000000
176.405221,24.873000000,0.300000000,0.000000000,0.000000000,0.000000000,0.000000000,0.000000000
177.033782,24.925000000,0.300000000,0.000000000,0.000000000,0.000000000,0.000000000,0.000000000
177.581196,24.976000000,0.300000000,0.000000000,0.000000000,0.000000000,0.000000000,0.000000000
178.353439,25.085000000,0.300000000,0.000000000,0.000000000,0.000000000,0.000000000,0.000000000
178.964072,25.148000000,0.300000000,0.000000000,0.000000000,0.000000000,0.000000000,0.000000000
179.514482,25.209000000,0.277875000,0.000000000,0.000000000,0.000000000,0.000000000,0.036875000
180.062410,25.265000000,0.300000000,0.000000000,0.000000000,0.000000000,0.000000000,0.000000000
180.614083,25.319000000,0.300000000,0.000000000,0.000000000,0.000000000,0.000000000,0.000000000
181.242380,25.391000000,0.300000000,0.000000000,0.000000000,0.000000000,0.000000000,0.000000000
181.802141,25.453000000,0.276187500,0.000000000,0.000000000,0.000000000,0.000000000,0.039687500
182.334085,25.518000000,0.300000000,0.000000000,0.000000000,0.000000000,0.000000000,0.000000000
182.886290,25.587000000,0.300000000,0.000000000,0.000000000,0.000000000,0.000000000,0.000000000
183.534582,25.661000000,0.300000000,0.000000000,0.000000000,0.000000000,0.000000000,0.000000000
184.102641,25.714000000,0.273680437,0.000000000,0.000000000,0.000000000,0.000000000,-0.043865938
184.672866,25.754000000,0.255597937,0.000000000,0.000000000,0.000000000,0.000000000,-0.074003438
185.254473,25.813000000,0.250403578,0.000000000,0.000000000,0.000000000,0.000000000,-0.082660703
185.840041,25.867000000,0.238438969,0.000000000,0.000000000,0.000000000,0.000000000,-0.102601719
186.494373,25.945000000,0.224118398,0.000000000,0.000000000,0.000000000,0.000000000,-0.126469336
187.032121,25.996000000,0.215488336,0.000000000,0.000000000,0.000000000,0.000000000,-0.140852773
187.671712,26.053000000,0.195238336,0.000000000,0.000000000,0.000000000,0.000000000,-0.174602773
188.336020,26.119000000,0.181738336,0.000000000,0.000000000,0.000000000,0.000000000,-0.197102773
188.981855,26.182000000,0.150000000,0.000000000,0.000000000,0.000000000,0.000000000,-0.215852773
189.578633,26.237000000,0.150000000,0.000000000,0.000000000,0.000000000,0.000000000,-0.226165273
190.208070,26.304000000,0.150000000,0.000000000,0.000000000,0.000000000,0.000000000,-0.239290273
190.829445,26.363000000,0.150000000,0.000000000,0.000000000,0.000000000,0.000000000,-0.235540273
191.413729,26.420000000,0.150000000,0.000000000,0.000000000,0.000000000,0.000000000,-0.239290273
192.092431,26.490000000,0.150000000,0.000000000,0.000000000,0.000000000,0.000000000,-0.243040273
192.827729,26.549000000,0.150000000,0.000000000,0.000000000,0.000000000,0.000000000,-0.242102773
193.529406,26.606000000,0.150000000,0.000000000,0.000000000,0.000000000,0.000000000,-0.241165273
194.160994,26.665000000,0.150000000,0.000000000,0.000000000,0.000000000,0.000000000,-0.244915273
194.811567,26.766000000,0.150000000,0.000000000,0.000000000,0.000000000,0.000000000,-0.241165273
195.394310,26.826000000,0.150000000,0.000000000,0.000000000,0.000000000,0.000000000,-0.241165273
196.007716,26.876000000,0.150000000,0.000000000,0.000000000,0.000000000,0.000000000,-0.238352773
196.550598,26.926000000,0.150000000,0.000000000,0.000000000,0.000000000,0.000000000,-0.224290273
197.156254,27.005000000,0.150000000,0.000000000,0.000000000,0.000000000,0.000000000,-0.222415273
197.751132,27.080000000,0.150000000,0.000000000,0.000000000,0.000000000,0.000000000,-0.215852773
198.364338,27.153000000,0.150000000,0.000000000,0.000000000,0.000000000,0.000000000,-0.217727773
198.948540,27.195000000,0.150000000,0.000000000,0.000000000,0.000000000,0.000000000,-0.215852773
199.566616,27.274000000,0.150000000,0.000000000,0.000000000,0.000000000,0.000000000,-0.213977773
200.080343,27.323000000,0.150000000,0.000000000,0.000000000,0.000000000,0.000000000,-0.208352773
200.641390,27.384000000,0.150000000,0.000000000,0.000000000,0.000000000,0.000000000,-0.203665273
201.218443,27.441000000,0.150000000,0.000000000,0.000000000,0.000000000,0.000000000,-0.202727773
201.797381,27.505000000,0.150000000,0.000000000,0.000000000,0.000000000,0.000000000,-0.200852773
202.318449,27.545000000,0.180050836,0.000000000,0.000000000,0.000000000,0.000000000,-0.199915273
202.885164,27.586000000,0.183425836,0.000000000,0.000000000,0.000000000,0.000000000,-0.194290273
203.411783,27.627000000,0.185113336,0.000000000,0.000000000,0.000000000,0.000000000,-0.191477773
203.911191,27.680000000,0.186800836,0.000000000,0.000000000,0.000000000,0.000000000,-0.188665273
204.549634,27.792000000,0.186238336,0.000000000,0.000000000,0.000000000,0.000000000,-0.189602773
205.186204,27.868000000,0.186800836,0.000000000,0.000000000,0.000000000,0.000000000,-0.188665273
205.710985,27.919000000,0.184550836,0.000000000,0.000000000,0.000000000,0.000000000,-0.192415273
206.249155,27.967000000,0.185675836,0.000000000,0.000000000,0.000000000,0.000000000,-0.190540273
206.713726,27.998000000,0.186238336,0.000000000,0.000000000,0.000000000,0.000000000,-0.189602773
207.235179,28.052000000,0.185675836,0.000000000,0.000000000,0.000000000,0.000000000,-0.190540273
207.849606,28.123000000,0.186800836,0.000000000,0.000000000,0.000000000,0.000000000,-0.188665273
208.488575,28.196000000,0.190175836,0.000000000,0.000000000,0.000000000,0.000000000,-0.183040273
209.100478,28.285000000,0.192425836,0.000000000,0.000000000,0.000000000,0.000000000,-0.179290273
209.665121,28.362000000,0.198838359,0.000000000,0.000000000,0.000000000,0.000000000,-0.168602734
210.218101,28.426000000,0.201941859,0.000000000,0.000000000,0.000000000,0.000000000,-0.163430234
210.766459,28.479000000,0.203408250,0.000000000,0.000000000,0.000000000,0.000000000,-0.160986250
211.326618,28.549000000,0.207065203,0.000000000,0.000000000,0.000000000,0.000000000,-0.154891328
211.994019,28.649000000,0.209488641,0.000000000,0.000000000,0.000000000,0.000000000,-0.150852266
212.577668,28.714000000,0.211491844,0.000000000,0.000000000,0.000000000,0.000000000,-0.147513594
213.286834,28.802000000,0.219626156,0.000000000,0.000000000,0.000000000,0.000000000,-0.133956406
213.936985,28.871000000,0.222773133,0.000000000,0.000000000,0.000000000,0.000000000,-0.128711445
214.537594,28.925000000,0.227668570,0.000000000,0.000000000,0.000000000,0.000000000,-0.120552383
215.223084,29.000000000,0.230257828,0.000000000,0.000000000,0.000000000,0.000000000,-0.116236953
215.797437,29.054000000,0.236862281,0.000000000,0.000000000,0.000000000,0.000000000,-0.105229531
216.390094,29.115000000,0.237261797,0.000000000,0.000000000,0.000000000,0.000000000,-0.104563672
217.065382,29.168000000,0.000000000,0.000000000,0.000000000,0.000000000,0.000000000,0.000000000
217.574580,29.211000000,0.000000000,0.000000000,0.000000000,0.000000000,0.000000000,0.000000000
218.104941,29.278000000,0.000000000,0.000000000,0.000000000,0.000000000,0.000000000,0.000000000
218.761328,29.343000000,0.000000000,0.000000000,0.000000000,0.000000000,0.000000000,0.000000000
219.313900,29.394000000,0.000000000,0.000000000,0.000000000,0.000000000,0.000000000,0.000000000
219.941486,29.482000000,0.000000000,0.000000000,0.000000000,0.000000000,0.000000000,0.000000000
220.455259,29.527000000,0.000000000,0.000000000,0.000000000,0.000000000,0.000000000,0.000000000
220.980410,29.600000000,0.000000000,0.000000000,0.000000000,0.000000000,0.000000000,0.000000000
221.545858,29.656000000,0.000000000,0.000000000,0.000000000,0.000000000,0.000000000,0.000000000
221.983077,29.687000000,0.000000000,0.000000000,0.000000000,0.000000000,0.000000000,0.000000000
222.132325,29.699000000,0.000000000,0.000000000,0.000000000,0.000000000,0.000000000,0.000000000
222.689738,29.744000000,0.000000000,0.000000000,0.000000000,0.000000000,0.000000000,0.000000000
223.126793,29.787000000,0.000000000,0.000000000,0.000000000,0.000000000,0.000000000,0.000000000
223.221184,29.797000000,0.000000000,0.000000000,0.000000000,0.000000000,0.000000000,0.000000000
223.882653,29.874000000,0.000000000,0.000000000,0.000000000,0.000000000,0.000000000,0.000000000
224.062148,29.887000000,0.000000000,0.000000000,0.000000000,0.000000000,0.000000000,0.000000000
224.470291,29.913000000,0.000000000,0.000000000,0.000000000,0.000000000,0.000000000,0.000000000
224.964817,29.987000000,0.000000000,0.000000000,0.000000000,0.000000000,0.000000000,0.000000000
225.106135,30.011000000,0.000000000,0.000000000,0.000000000,0.000000000,0.000000000,0.000000000
225.548349,30.087000000,0.000000000,0.000000000,0.000000000,0.000000000,0.000000000,0.000000000
225.742131,30.121000000,0.000000000,0.000000000,0.000000000,0.000000000,0.000000000,0.000000000
226.348180,30.184000000,0.000000000,0.000000000,0.000000000,0.000000000,0.000000000,0.000000000
226.429753,30.189000000,0.000000000,0.000000000,0.000000000,0.000000000,0.000000000,0.000000000
226.931871,30.263000000,0.000000000,0.000000000,0.000000000,0.000000000,0.000000000,0.000000000
227.132924,30.287000000,0.000000000,0.000000000,0.000000000,0.000000000,0.000000000,0.000000000
227.532670,30.332000000,0.000000000,0.000000000,0.000000000,0.000000000,0.000000000,0.000000000
228.134725,30.377000000,0.000000000,0.000000000,0.000000000,0.000000000,0.000000000,0.000000000
228.231613,30.387000000,0.000000000,0.000000000,0.000000000,0.000000000,0.000000000,0.000000000
228.717599,30.431000000,0.000000000,0.000000000,0.000000000,0.000000000,0.000000000,0.000000000
229.230224,30.487000000,0.000000000,0.000000000,0.000000000,0.000000000,0.000000000,0.000000000
229.255000,30.489000000,0.000000000,0.000000000,0.000000000,0.000000000,0.000000000,0.000000000
229.926605,30.558000000,0.000000000,0.000000000,0.000000000,0.000000000,0.000000000,0.000000000
230.226025,30.587000000,0.000000000,0.000000000,0.000000000,0.000000000,0.000000000,0.000000000
230.516885,30.643000000,0.000000000,0.000000000,0.000000000,0.000000000,0.000000000,0.000000000
231.012853,30.688000000,0.000000000,0.000000000,0.000000000,0.000000000,0.000000000,0.000000000
231.089021,30.694000000,0.000000000,0.000000000,0.000000000,0.000000000,0.000000000,0.000000000
231.741155,30.782000000,0.000000000,0.000000000,0.000000000,0.000000000,0.000000000,0.000000000
231.805050,30.787000000,0.000000000,0.000000000,0.000000000,0.000000000,0.000000000,0.000000000
232.383768,30.860000000,0.000000000,0.000000000,0.000000000,0.000000000,0.000000000,0.000000000
232.578778,30.887000000,0.000000000,0.000000000,0.000000000,0.000000000,0.000000000,0.000000000
233.049177,30.931000000,0.000000000,0.000000000,0.000000000,0.000000000,0.000000000,0.000000000
233.672246,30.983000000,0.000000000,0.000000000,0.000000000,0.000000000,0.000000000,0.000000000
233.736218,30.987000000,0.000000000,0.000000000,0.000000000,0.000000000,0.000000000,0.000000000
234.304848,31.036000000,0.000000000,0.000000000,0.000000000,0.000000000,0.000000000,0.000000000
234.596329,31.087000000,0.000000000,0.000000000,0.000000000,0.000000000,0.000000000,0.000000000
234.921931,31.124000000,0.000000000,0.000000000,0.000000000,0.000000000,0.000000000,0.000000000
235.451629,31.189000000,0.000000000,0.000000000,0.000000000,0.000000000,0.000000000,0.000000000
235.483914,31.192000000,0.000000000,0.000000000,0.000000000,0.000000000,0.000000000,0.000000000
236.067673,31.265000000,0.000000000,0.000000000,0.000000000,0.000000000,0.000000000,0.000000000
236.224185,31.287000000,0.000000000,0.000000000,0.000000000,0.000000000,0.000000000,0.000000000
236.576687,31.323000000,0.000000000,0.000000000,0.000000000,0.000000000,0.000000000,0.000000000
237.114944,31.378000000,0.000000000,0.000000000,0.000000000,0.000000000,0.000000000,0.000000000
237.157562,31.387000000,0.000000000,0.000000000,0.000000000,0.000000000,0.000000000,0.000000000
237.812073,31.462000000,0.000000000,0.000000000,0.000000000,0.000000000,0.000000000,0.000000000
238.059017,31.487000000,0.000000000,0.000000000,0.000000000,0.000000000,0.000000000,0.000000000
238.391904,31.514000000,0.000000000,0.000000000,0.000000000,0.000000000,0.000000000,0.000000000
239.033441,31.586000000,0.000000000,0.000000000,0.000000000,0.000000000,0.000000000,0.000000000
239.034790,31.587000000,0.000000000,0.000000000,0.000000000,0.000000000,0.000000000,0.000000000
239.693549,31.660000000,0.000000000,0.000000000,0.000000000,0.000000000,0.000000000,0.000000000
239.882776,31.687000000,0.000000000,0.000000000,0.000000000,0.000000000,0.000000000,0.000000000
